series,sheet,item_no
G196,STX sheet (sheet 1),100
G196,STX sheet (sheet 1),101
G196,STX sheet (sheet 1),112
G196,STX sheet (sheet 1),122
G196,STX sheet (sheet 1),126
G196,STX sheet (sheet 1),136
G196,STX sheet (sheet 1),168
G196,STX sheet (sheet 1),184M
G196,STX sheet (sheet 1),228
G196,STX sheet (sheet 1),250
G196,STX sheet (sheet 1),319
G196,STX sheet (sheet 1),332A
G196,STX sheet (sheet 1),333A
G196,STX sheet (sheet 1),351
G196,STX sheet (sheet 1),358A
G196,STX sheet (sheet 1),370
G196,STX sheet (sheet 1),418
G196,STX sheet (sheet 1),496
G196,STX sheet (sheet 1),496A
G196,MTX sheet (sheet 2),100
G196,MTX sheet (sheet 2),101
G196,MTX sheet (sheet 2),108
G196,MTX sheet (sheet 2),112
G196,MTX sheet (sheet 2),122
G196,MTX sheet (sheet 2),126
G196,MTX sheet (sheet 2),136
G196,MTX sheet (sheet 2),168
G196,MTX sheet (sheet 2),184M
G196,MTX sheet (sheet 2),228
G196,MTX sheet (sheet 2),250
G196,MTX sheet (sheet 2),319
G196,MTX sheet (sheet 2),332A
G196,MTX sheet (sheet 2),333A
G196,MTX sheet (sheet 2),351
G196,MTX sheet (sheet 2),358A
G196,MTX sheet (sheet 2),360
G196,MTX sheet (sheet 2),370
G196,MTX sheet (sheet 2),418
G196,MTX sheet (sheet 2),469B
G196,MTX sheet (sheet 2),496
G196,MTX sheet (sheet 2),496A
G196,"XLT-X sheet (sheet 3, XLTX frame)",100
G196,"XLT-X sheet (sheet 3, XLTX frame)",101
G196,"XLT-X sheet (sheet 3, XLTX frame)",108
G196,"XLT-X sheet (sheet 3, XLTX frame)",112
G196,"XLT-X sheet (sheet 3, XLTX frame)",122
G196,"XLT-X sheet (sheet 3, XLTX frame)",126
G196,"XLT-X sheet (sheet 3, XLTX frame)",136
G196,"XLT-X sheet (sheet 3, XLTX frame)",168
G196,"XLT-X sheet (sheet 3, XLTX frame)",184M
G196,"XLT-X sheet (sheet 3, XLTX frame)",228
G196,"XLT-X sheet (sheet 3, XLTX frame)",250
G196,"XLT-X sheet (sheet 3, XLTX frame)",332A
G196,"XLT-X sheet (sheet 3, XLTX frame)",333A
G196,"XLT-X sheet (sheet 3, XLTX frame)",351
G196,"XLT-X sheet (sheet 3, XLTX frame)",358A
G196,"XLT-X sheet (sheet 3, XLTX frame)",360
G196,"XLT-X sheet (sheet 3, XLTX frame)",360A
G196,"XLT-X sheet (sheet 3, XLTX frame)",370
G196,"XLT-X sheet (sheet 3, XLTX frame)",418
G196,"XLT-X sheet (sheet 3, XLTX frame)",496
G196,"XLT-X sheet (sheet 3, XLTX frame)",496A
D Mark III,Exploded view (sheet 1),100
D Mark III,Exploded view (sheet 1),103
D Mark III,Exploded view (sheet 1),104
D Mark III,Exploded view (sheet 1),105
D Mark III,Exploded view (sheet 1),106
D Mark III,Exploded view (sheet 1),107
D Mark III,Exploded view (sheet 1),108
D Mark III,Exploded view (sheet 1),109
D Mark III,Exploded view (sheet 1),109A
D Mark III,Exploded view (sheet 1),110
D Mark III,Exploded view (sheet 1),111
D Mark III,Exploded view (sheet 1),111A
D Mark III,Exploded view (sheet 1),112
D Mark III,Exploded view (sheet 1),113
D Mark III,Exploded view (sheet 1),114
D Mark III,Exploded view (sheet 1),115
D Mark III,Exploded view (sheet 1),115A
D Mark III,Exploded view (sheet 1),118
D Mark III,Exploded view (sheet 1),119
D Mark III,Exploded view (sheet 1),120
D Mark III,Exploded view (sheet 1),121
D Mark III,Exploded view (sheet 1),124
D Mark III,Exploded view (sheet 1),125
D Mark III,Exploded view (sheet 1),129
D Mark III,Exploded view (sheet 1),130
D Mark III,Exploded view (sheet 1),131
D Mark III,Exploded view (sheet 1),133
D Mark III,Exploded view (sheet 1),134
D Mark III,Exploded view (sheet 1),135
D Mark III,Exploded view (sheet 1),136
D Mark III,Exploded view (sheet 1),139
D Mark III,Exploded view (sheet 1),140
D Mark III,Exploded view (sheet 1),153
D Mark III,Exploded view (sheet 1),190
D Mark III,Exploded view (sheet 1),190G
D Mark III,Exploded view (sheet 1),200
D Mark III,Exploded view (sheet 1),201
D Mark III,Exploded view (sheet 1),201A
D Mark III,Exploded view (sheet 1),201B
D Mark III,Exploded view (sheet 1),201C
D Mark III,Exploded view (sheet 1),201D
D Mark III,Exploded view (sheet 1),201E
